analysis_mode,language,feature,n_emergency,n_normal,mean_emergency,mean_normal,cohens_d,ci_low,ci_high
main,Chinese,alpha_ratio,400,200,0.18808555029406088,0.1864170208267464,0.011968614434933555,-0.1483030468225479,0.16919183731079102
main,Chinese,spectral_centroid,400,200,1029.7095604513231,941.8103947781716,0.27357123900642866,0.112110435962677,0.4506954550743103
main,Chinese,spectral_bandwidth,400,200,740.755352518553,703.2978107022145,0.2069104648355805,0.061462659388780594,0.33796554803848267
main,Chinese,low_band_ratio,400,200,0.6038411773788901,0.5184039424620878,0.4575753660367608,0.30530214309692383,0.6392270922660828
main,Chinese,mid_band_ratio,400,200,0.3263788225090343,0.4226533598933838,-0.5176217656360967,-0.6997213363647461,-0.3393489420413971
main,Chinese,high_band_ratio,400,200,0.06977874999066694,0.05894267173795706,0.22249799296086334,0.0908331423997879,0.35524794459342957
main,Chinese,pitch_mean,400,200,205.49478067946606,180.41134288646094,0.36900781413518136,0.1951582133769989,0.5231010317802429
main,Chinese,pitch_std,400,200,98.75001868888705,98.80999030894985,-0.0024782968166931958,-0.1624431312084198,0.136353000998497
main,Chinese,energy_env_slope,400,200,-0.7239374016755185,-0.5116935989106794,-0.11147528647589447,-0.21979111433029175,0.017910338938236237
main,Chinese,energy_env_std,400,200,2.0948268725536763,0.6246780740469694,0.7417872171531579,0.673471212387085,0.8234180808067322
main,Chinese,spectral_rolloff,400,200,1542.9099416922254,1400.5548655948069,0.2999587128164821,0.15186399221420288,0.4453071057796478
main,Chinese,zcr,400,200,0.13651869349610016,0.1235695182114513,0.3110981249302507,0.15656617283821106,0.46240630745887756
main,Chinese,harmonic_ratio,400,200,0.2677986106033931,0.24906007301378558,0.12046006437322021,-0.044780030846595764,0.2964670658111572
main,Chinese,pause_ratio,400,200,0.29217781143523697,0.2962168358435791,-0.05578490191821936,-0.18191932141780853,0.12230318039655685
main,Chinese,tempo_proxy,400,200,5.259777527029001,5.268138163937018,-0.006259150872131373,-0.14971385896205902,0.15119627118110657
main,Chinese,pitch_energy_corr,400,200,0.2476873840418338,0.13254189761492957,0.6381696547884269,0.46202683448791504,0.8208932280540466
sensitivity,Chinese,alpha_ratio,600,200,0.16683101814255058,0.1864170208267464,-0.1444418653307151,-0.2967206835746765,-0.008705588057637215
sensitivity,Chinese,spectral_centroid,600,200,1022.6340298078719,941.8103947781716,0.25840410400568103,0.11806468665599823,0.38925132155418396
sensitivity,Chinese,spectral_bandwidth,600,200,729.1989440936142,703.2978107022145,0.1483678911915691,-0.012419113889336586,0.30089613795280457
sensitivity,Chinese,low_band_ratio,600,200,0.6151515848495349,0.5184039424620878,0.49727010873565575,0.33652305603027344,0.6408539414405823
sensitivity,Chinese,mid_band_ratio,600,200,0.32230454996150487,0.4226533598933838,-0.518617746067758,-0.6831640005111694,-0.3802601993083954
sensitivity,Chinese,high_band_ratio,600,200,0.06254302394380233,0.05894267173795706,0.07763734903827522,-0.06928075850009918,0.19645828008651733
sensitivity,Chinese,pitch_mean,600,200,219.18791919455592,180.41134288646094,0.5297836884665197,0.39484453201293945,0.6767522692680359
sensitivity,Chinese,pitch_std,600,200,98.90402583238337,98.80999030894985,0.003875738763873305,-0.1323486566543579,0.14434297382831573
sensitivity,Chinese,energy_env_slope,600,200,-1.0520409352242697,-0.5116935989106794,-0.242077383707076,-0.33288130164146423,-0.1567370593547821
sensitivity,Chinese,energy_env_std,600,200,2.267043937879304,0.6246780740469694,0.7772421409686038,0.7121381163597107,0.8400991559028625
sensitivity,Chinese,spectral_rolloff,600,200,1520.347276623782,1400.5548655948069,0.2619445923129622,0.1267358362674713,0.41814732551574707
sensitivity,Chinese,zcr,600,200,0.13635924891871468,0.1235695182114513,0.3153144553740356,0.17757225036621094,0.4452165961265564
sensitivity,Chinese,harmonic_ratio,600,200,0.2915370803925066,0.24906007301378558,0.2505619453828633,0.07401587814092636,0.38780686259269714
sensitivity,Chinese,pause_ratio,600,200,0.2944685870385568,0.2962168358435791,-0.025267114016750303,-0.17944198846817017,0.13400840759277344
sensitivity,Chinese,tempo_proxy,600,200,5.382754252590866,5.268138163937018,0.08656653289284158,-0.07234311103820801,0.22427229583263397
sensitivity,Chinese,pitch_energy_corr,600,200,0.263870922456481,0.13254189761492957,0.7673507197637156,0.6104717254638672,0.9633338451385498
main,English,alpha_ratio,1000,1000,0.2716464953561114,0.08916025469901796,0.49912136983294103,0.4482083022594452,0.5806671977043152
main,English,spectral_centroid,1000,1000,694.1343986719171,473.9904460294819,0.7192068512924557,0.6426491737365723,0.7942256927490234
main,English,spectral_bandwidth,1000,1000,639.3569975352752,531.0164389168013,0.5852056004941251,0.49085959792137146,0.6638866662979126
main,English,low_band_ratio,1000,1000,0.42954835833335075,0.5550955433578353,-0.6033740624056184,-0.6989379525184631,-0.5137189030647278
main,English,mid_band_ratio,1000,1000,0.514442956159133,0.41667636943467357,0.49554877185944657,0.41906657814979553,0.5964226126670837
main,English,high_band_ratio,1000,1000,0.055957935146307404,0.028169065860249226,0.5055696681032376,0.4126039147377014,0.5911714434623718
main,English,pitch_mean,1000,1000,194.04684700610488,137.04834654204203,1.0686899224923474,0.992828369140625,1.1500223875045776
main,English,pitch_std,1000,1000,78.45446034028117,63.744978693373795,0.8008932634192821,0.722427487373352,0.8811807632446289
main,English,energy_env_slope,1000,1000,-0.5652905023168335,-0.06431270912314818,-0.30851962429789326,-0.3867769241333008,-0.24534720182418823
main,English,energy_env_std,1000,1000,1.846876065242337,0.11149875047476962,0.7710144277582368,0.7285888195037842,0.8197029232978821
main,English,spectral_rolloff,1000,1000,1056.7596574936074,713.8376529077456,0.6955166603227269,0.6257758736610413,0.7813637256622314
main,English,zcr,1000,1000,0.10242598887060919,0.07680851515304857,0.6794361971480282,0.6076059341430664,0.7576751708984375
main,English,harmonic_ratio,1000,1000,0.37681945692179664,0.3991225381686978,-0.11487042469910975,-0.2025076150894165,-0.03677818551659584
main,English,pause_ratio,1000,1000,0.16653355719787577,0.07171335748423617,0.7273774598468615,0.6316390633583069,0.818420946598053
main,English,tempo_proxy,1000,1000,4.551986845996482,4.55367080710854,-0.0017146677519198842,-0.0931737944483757,0.08037557452917099
main,English,pitch_energy_corr,1000,1000,0.2535980896582601,0.21980883650181687,0.19007141656574533,0.10031112283468246,0.2725394070148468
sensitivity,English,alpha_ratio,1000,1000,0.2716464953561114,0.08916025469901796,0.49912136983294103,0.44759130477905273,0.5696444511413574
sensitivity,English,spectral_centroid,1000,1000,694.1343986719171,473.9904460294819,0.7192068512924557,0.6455689072608948,0.7956904172897339
sensitivity,English,spectral_bandwidth,1000,1000,639.3569975352752,531.0164389168013,0.5852056004941251,0.49688658118247986,0.6761205196380615
sensitivity,English,low_band_ratio,1000,1000,0.42954835833335075,0.5550955433578353,-0.6033740624056184,-0.7080684304237366,-0.5184370279312134
sensitivity,English,mid_band_ratio,1000,1000,0.514442956159133,0.41667636943467357,0.49554877185944657,0.4053560197353363,0.5828824043273926
sensitivity,English,high_band_ratio,1000,1000,0.055957935146307404,0.028169065860249226,0.5055696681032376,0.41431474685668945,0.5917167663574219
sensitivity,English,pitch_mean,1000,1000,194.04684700610488,137.04834654204203,1.0686899224923474,0.9943241477012634,1.157564401626587
sensitivity,English,pitch_std,1000,1000,78.45446034028117,63.744978693373795,0.8008932634192821,0.7215182185173035,0.8704273700714111
sensitivity,English,energy_env_slope,1000,1000,-0.5652905023168335,-0.06431270912314818,-0.30851962429789326,-0.3886931240558624,-0.23219545185565948
sensitivity,English,energy_env_std,1000,1000,1.846876065242337,0.11149875047476962,0.7710144277582368,0.7181534767150879,0.8236774802207947
sensitivity,English,spectral_rolloff,1000,1000,1056.7596574936074,713.8376529077456,0.6955166603227269,0.6107255816459656,0.7779492139816284
sensitivity,English,zcr,1000,1000,0.10242598887060919,0.07680851515304857,0.6794361971480282,0.6084390878677368,0.746605396270752
sensitivity,English,harmonic_ratio,1000,1000,0.37681945692179664,0.3991225381686978,-0.11487042469910975,-0.20966491103172302,-0.03840923309326172
sensitivity,English,pause_ratio,1000,1000,0.16653355719787577,0.07171335748423617,0.7273774598468615,0.6441977620124817,0.8289424777030945
sensitivity,English,tempo_proxy,1000,1000,4.551986845996482,4.55367080710854,-0.0017146677519198842,-0.09126748889684677,0.09605175256729126
sensitivity,English,pitch_energy_corr,1000,1000,0.2535980896582601,0.21980883650181687,0.19007141656574533,0.09544526040554047,0.2759830355644226
main,French,alpha_ratio,432,143,0.3569691847029754,0.09451736655165105,0.623329168012265,0.5439936518669128,0.7216904163360596
main,French,spectral_centroid,432,143,1123.987928168584,817.918570290952,0.5607786539608137,0.37771573662757874,0.7553523182868958
main,French,spectral_bandwidth,432,143,769.8605621091139,592.7262227336357,0.7658481109957787,0.5920020937919617,0.9447141289710999
main,French,low_band_ratio,432,143,0.5127584141597724,0.7320184583071714,-0.855356729772715,-1.0238165855407715,-0.6781420111656189
main,French,mid_band_ratio,432,143,0.41824407689286214,0.2340867633174941,0.803768263135988,0.652161717414856,0.967485785484314
main,French,high_band_ratio,432,143,0.06899750723183816,0.03389477605894308,0.5299379727156656,0.41025951504707336,0.644647479057312
main,French,pitch_mean,432,143,234.23618540618034,156.36495399565646,0.9879589307529377,0.8272541761398315,1.1070033311843872
main,French,pitch_std,432,143,95.84411905660751,99.06411748343795,-0.0979641844213847,-0.3042140007019043,0.1240590363740921
main,French,energy_env_slope,432,143,-0.1209224406346138,-0.3157878148773104,0.2600705858047358,0.1275530904531479,0.45021745562553406
main,French,energy_env_std,432,143,0.631348359853426,0.39033754176453694,0.24064218820267347,0.1405182182788849,0.3524419963359833
main,French,spectral_rolloff,432,143,1689.686839197725,1206.5161104143895,0.6391560050414709,0.4802021384239197,0.8107805848121643
main,French,zcr,432,143,0.1488963918920092,0.11013353728811481,0.5905783871329973,0.41344523429870605,0.7771812677383423
main,French,harmonic_ratio,432,143,0.38511406007449595,0.43646240663252417,-0.23385161673434812,-0.4259524345397949,-0.07347051799297333
main,French,pause_ratio,432,143,0.3186618029213863,0.29200791801745174,0.37323587612400216,0.16706536710262299,0.5719545483589172
main,French,tempo_proxy,432,143,4.9806260659422765,4.984714532049948,-0.0033790886026759375,-0.1640937328338623,0.19203193485736847
main,French,pitch_energy_corr,432,143,0.18140531885679984,0.011668080703398526,0.847074355458679,0.6704205870628357,1.069103479385376
sensitivity,French,alpha_ratio,648,143,0.30451639975557454,0.09451736655165105,0.5516392826878138,0.4825114905834198,0.6323360204696655
sensitivity,French,spectral_centroid,648,143,1104.4815662636315,817.918570290952,0.5312399051013847,0.37415552139282227,0.6968651413917542
sensitivity,French,spectral_bandwidth,648,143,756.9621022253118,592.7262227336357,0.7185226480119306,0.5420639514923096,0.9235900044441223
sensitivity,French,low_band_ratio,648,143,0.5344259774599259,0.7320184583071714,-0.7920780797839034,-0.9385298490524292,-0.6354736685752869
sensitivity,French,mid_band_ratio,648,143,0.40448382090502677,0.2340867633174941,0.7542786332437831,0.593784749507904,0.9035887122154236
sensitivity,French,high_band_ratio,648,143,0.06109019776549844,0.03389477605894308,0.44668868703342024,0.33949902653694153,0.5576728582382202
sensitivity,French,pitch_mean,648,143,230.8337038072297,156.36495399565646,0.9530016540408992,0.8377411365509033,1.0865459442138672
sensitivity,French,pitch_std,648,143,98.64856354174783,99.06411748343795,-0.013038685482365094,-0.21024227142333984,0.1615288406610489
sensitivity,French,energy_env_slope,648,143,-0.13915111555719095,-0.3157878148773104,0.21564543774318876,0.08825642615556717,0.36878833174705505
sensitivity,French,energy_env_std,648,143,0.6356958661007086,0.39033754176453694,0.24414722279041567,0.16577091813087463,0.33718544244766235
sensitivity,French,spectral_rolloff,648,143,1650.2451963897752,1206.5161104143895,0.5972557518867102,0.4224928021430969,0.7778818011283875
sensitivity,French,zcr,648,143,0.1463892781098015,0.11013353728811481,0.5575722466311623,0.37983381748199463,0.7443451881408691
sensitivity,French,harmonic_ratio,648,143,0.34829762659530134,0.43646240663252417,-0.4057065989085585,-0.5654558539390564,-0.23208515346050262
sensitivity,French,pause_ratio,648,143,0.31640498429947395,0.29200791801745174,0.3407320149743017,0.14860284328460693,0.5261650085449219
sensitivity,French,tempo_proxy,648,143,4.981809095492616,4.984714532049948,-0.002364788880048002,-0.17375482618808746,0.2048058807849884
sensitivity,French,pitch_energy_corr,648,143,0.20069777930065263,0.011668080703398526,0.9290903533652014,0.7463423013687134,1.0873583555221558
main,Italian,alpha_ratio,1000,986,0.29269291516519413,0.16297237598747993,0.4344297645265265,0.3645966649055481,0.5108341574668884
main,Italian,spectral_centroid,1000,986,1075.370913371379,957.0587120843553,0.31992487349860077,0.23642760515213013,0.4011145830154419
main,Italian,spectral_bandwidth,1000,986,728.049000333709,632.1079951083175,0.4583336358143204,0.35802602767944336,0.5563300251960754
main,Italian,low_band_ratio,1000,986,0.49517846919833897,0.5605506503316602,-0.34041655660962616,-0.41823360323905945,-0.24391981959342957
main,Italian,mid_band_ratio,1000,986,0.4345731630694779,0.3971092122596712,0.20903535695364442,0.11080561578273773,0.2952350676059723
main,Italian,high_band_ratio,1000,986,0.07023972139358134,0.04233631514834184,0.4151283959594016,0.33238157629966736,0.5021162033081055
main,Italian,pitch_mean,1000,986,202.68362326224545,173.92896362674617,0.5866694460145015,0.5059623718261719,0.6728159785270691
main,Italian,pitch_std,1000,986,78.61881408491303,76.09901128130643,0.10123620084750513,0.007067103870213032,0.18304160237312317
main,Italian,energy_env_slope,1000,986,-2.37027859522371,-1.891608436218595,-0.1481765573573202,-0.2285727709531784,-0.06371021270751953
main,Italian,energy_env_std,1000,986,3.4736723027154803,1.7550882475481806,0.8092308604085238,0.724640965461731,0.8931548595428467
main,Italian,spectral_rolloff,1000,986,1618.2961159343697,1410.824260033344,0.36876691850126214,0.28305134177207947,0.45959821343421936
main,Italian,zcr,1000,986,0.14525142823939194,0.12989066060195237,0.3224398469378145,0.23944704234600067,0.4025280773639679
main,Italian,harmonic_ratio,1000,986,0.4210351647668464,0.48456590685191214,-0.31183739016234896,-0.40324437618255615,-0.2329087257385254
main,Italian,pause_ratio,1000,986,0.3037111429824506,0.3141477187126157,-0.16379458881517986,-0.24771560728549957,-0.08555855602025986
main,Italian,tempo_proxy,1000,986,4.985164137553044,5.177832866449194,-0.1794457025328878,-0.26138147711753845,-0.09067251533269882
main,Italian,pitch_energy_corr,1000,986,0.16937281423623926,0.07744930113320093,0.529258592716142,0.44751065969467163,0.6222921013832092
sensitivity,Italian,alpha_ratio,1986,986,0.24718529558279995,0.16297237598747993,0.27773637866428585,0.2225782722234726,0.33339744806289673
sensitivity,Italian,spectral_centroid,1986,986,1046.8608670536971,957.0587120843553,0.23693970156121083,0.17209076881408691,0.30615654587745667
sensitivity,Italian,spectral_bandwidth,1986,986,716.1952013028894,632.1079951083175,0.3864525966752069,0.3057871460914612,0.45486316084861755
sensitivity,Italian,low_band_ratio,1986,986,0.5480331436927494,0.5605506503316602,-0.06351113615130301,-0.14162595570087433,0.017346180975437164
sensitivity,Italian,mid_band_ratio,1986,986,0.38872419008597214,0.3971092122596712,-0.0459449665783439,-0.11778348684310913,0.016609452664852142
sensitivity,Italian,high_band_ratio,1986,986,0.06323290519948625,0.04233631514834184,0.2978006936774698,0.23395974934101105,0.3649454712867737
sensitivity,Italian,pitch_mean,1986,986,209.59126402972112,173.92896362674617,0.6647986965210072,0.598175585269928,0.7254086136817932
sensitivity,Italian,pitch_std,1986,986,80.62217022250208,76.09901128130643,0.18421685872932725,0.1011982187628746,0.26353251934051514
sensitivity,Italian,energy_env_slope,1986,986,-2.2086915959020783,-1.891608436218595,-0.0958595787291231,-0.1645292192697525,-0.03967982903122902
sensitivity,Italian,energy_env_std,1986,986,3.229624925053248,1.7550882475481806,0.6515050021359721,0.5930300951004028,0.7086191177368164
sensitivity,Italian,spectral_rolloff,1986,986,1572.0937352451003,1410.824260033344,0.2780886621286915,0.20179510116577148,0.35721638798713684
sensitivity,Italian,zcr,1986,986,0.14174295337408227,0.12989066060195237,0.24354594145853836,0.18216900527477264,0.3174118399620056
sensitivity,Italian,harmonic_ratio,1986,986,0.43818201379887983,0.48456590685191214,-0.2236490228187003,-0.299356609582901,-0.1471160650253296
sensitivity,Italian,pause_ratio,1986,986,0.3041063456661443,0.3141477187126157,-0.15531799967569548,-0.23793931305408478,-0.09232069551944733
sensitivity,Italian,tempo_proxy,1986,986,4.986320096247875,5.177832866449194,-0.17376110109159806,-0.2510281801223755,-0.0903397724032402
sensitivity,Italian,pitch_energy_corr,1986,986,0.18423093124838483,0.07744930113320093,0.6126953906788727,0.5358423590660095,0.698574423789978
main,Polish,alpha_ratio,1000,809,0.13387869491993493,0.09835332785627209,0.34209247117629066,0.2695564925670624,0.4139745831489563
main,Polish,spectral_centroid,1000,809,914.3478484804326,859.0905586289362,0.23889492334678647,0.1645164042711258,0.3293449878692627
main,Polish,spectral_bandwidth,1000,809,716.3502718672473,665.8454816155903,0.3879824094986824,0.30938851833343506,0.48976120352745056
main,Polish,low_band_ratio,1000,809,0.6889243889897744,0.7034789348713979,-0.09241975214248814,-0.1739208698272705,-0.00847521424293518
main,Polish,mid_band_ratio,1000,809,0.2740526933515938,0.26419831261809806,0.06368781829516751,-0.03070683963596821,0.14538082480430603
main,Polish,high_band_ratio,1000,809,0.03702292184204293,0.03232275198397288,0.16027902245831993,0.07981498539447784,0.24230250716209412
main,Polish,pitch_mean,1000,809,190.2262888296011,145.5521521430656,0.924593801363117,0.8404352068901062,1.0192651748657227
main,Polish,pitch_std,1000,809,55.4660522112163,60.76286434216247,-0.28646610234208997,-0.37983182072639465,-0.2011897712945938
main,Polish,energy_env_slope,1000,809,-0.7751580944067061,-0.8611528205180955,0.07736960801276732,-0.01395067572593689,0.18212659657001495
main,Polish,energy_env_std,1000,809,1.0669611677452921,0.8942328393367224,0.1857205973139553,0.0989610105752945,0.27660438418388367
main,Polish,spectral_rolloff,1000,809,1425.8670713887843,1322.0499559798916,0.2963250694872348,0.20277026295661926,0.37859225273132324
main,Polish,zcr,1000,809,0.12477653119854884,0.11732895548371072,0.2565185656315722,0.16831518709659576,0.34128835797309875
main,Polish,harmonic_ratio,1000,809,0.6384501338276125,0.5491223914311166,0.4503017981216882,0.35574397444725037,0.539888858795166
main,Polish,pause_ratio,1000,809,0.2888363350440561,0.28798596268066584,0.016028586679811812,-0.06723979860544205,0.10561604052782059
main,Polish,tempo_proxy,1000,809,6.212624063859257,6.292789819690061,-0.07971876186332133,-0.17024573683738708,0.00712350569665432
main,Polish,pitch_energy_corr,1000,809,0.20227646631937768,0.11446627177668457,0.5429847418762629,0.44529786705970764,0.6377633213996887
sensitivity,Polish,alpha_ratio,1669,809,0.1314019837520937,0.09835332785627209,0.31523380106084853,0.2509923279285431,0.3711892366409302
sensitivity,Polish,spectral_centroid,1669,809,919.2364298255384,859.0905586289362,0.2592448837384655,0.18406562507152557,0.3333989977836609
sensitivity,Polish,spectral_bandwidth,1669,809,711.7453267963889,665.8454816155903,0.35835653225288955,0.28783118724823,0.4435434639453888
sensitivity,Polish,low_band_ratio,1669,809,0.6777144690583422,0.7034789348713979,-0.15748291443384696,-0.22451063990592957,-0.06961560249328613
sensitivity,Polish,mid_band_ratio,1669,809,0.2862311318494225,0.26419831261809806,0.13711180277010623,0.05539695918560028,0.21131442487239838
sensitivity,Polish,high_band_ratio,1669,809,0.03605440100630833,0.03232275198397288,0.13882627511971546,0.06272506713867188,0.2168738842010498
sensitivity,Polish,pitch_mean,1669,809,184.79943780881405,145.5521521430656,0.7971588970016805,0.7151851058006287,0.8716389536857605
sensitivity,Polish,pitch_std,1669,809,61.95952275377978,60.76286434216247,0.05847718518698192,-0.015102221630513668,0.13403107225894928
sensitivity,Polish,energy_env_slope,1669,809,-0.7079006310209076,-0.8611528205180955,0.1395950189757911,0.059226058423519135,0.21956771612167358
sensitivity,Polish,energy_env_std,1669,809,1.0453084128936156,0.8942328393367224,0.16414129139091854,0.08261670172214508,0.24723419547080994
sensitivity,Polish,spectral_rolloff,1669,809,1427.2120394590597,1322.0499559798916,0.30109102814497074,0.21105298399925232,0.3751285970211029
sensitivity,Polish,zcr,1669,809,0.12540743706117935,0.11732895548371072,0.27775218282451714,0.19551491737365723,0.35074520111083984
sensitivity,Polish,harmonic_ratio,1669,809,0.5614207355385658,0.5491223914311166,0.05835051022925596,-0.021689996123313904,0.14067892730236053
sensitivity,Polish,pause_ratio,1669,809,0.29093096314495887,0.28798596268066584,0.05628770041871365,-0.02755841426551342,0.1330418586730957
sensitivity,Polish,tempo_proxy,1669,809,6.16847874091445,6.292789819690061,-0.12150890903331596,-0.20613360404968262,-0.03712276369333267
sensitivity,Polish,pitch_energy_corr,1669,809,0.19860476189270973,0.11446627177668457,0.5275731286219887,0.44954922795295715,0.6125407218933105
